{"cameraMode":{"drawMode":0,"name":"Shaded","section":"Shading Mode"},"sceneLighting":true,"audioPlay":false,"sceneViewState":{"m_AlwaysRefresh":false,"showFog":true,"showSkybox":true,"showFlares":true,"showImageEffects":true,"showParticleSystems":true,"showVisualEffectGraphs":true,"m_FxEnabled":true},"in2DMode":false,"pivot":{"x":36.71731948852539,"y":1.6726945638656617,"z":-61.146331787109378},"rotation":{"x":0.04381426051259041,"y":-0.9555249810218811,"z":0.22143636643886567,"w":0.1896170824766159},"size":1.3770290613174439,"orthographic":false}