{"cameraMode":{"drawMode":0,"name":"Shaded","section":"Shading Mode"},"sceneLighting":true,"audioPlay":false,"sceneViewState":{"m_AlwaysRefresh":false,"showFog":true,"showSkybox":true,"showFlares":true,"showImageEffects":true,"showParticleSystems":true,"showVisualEffectGraphs":true,"m_FxEnabled":true},"in2DMode":false,"pivot":{"x":-39.36225891113281,"y":13.335770606994629,"z":-26.90436553955078},"rotation":{"x":0.6119053363800049,"y":-0.0009087869548238814,"z":0.0008424446568824351,"w":0.7908795475959778},"size":0.013030355796217919,"orthographic":false}