{"cameraMode":{"drawMode":0,"name":"Shaded","section":"Shading Mode"},"sceneLighting":false,"audioPlay":false,"sceneViewState":{"m_AlwaysRefresh":false,"showFog":true,"showSkybox":false,"showFlares":true,"showImageEffects":true,"showParticleSystems":true,"showVisualEffectGraphs":true,"m_FxEnabled":true},"in2DMode":false,"pivot":{"x":-0.24944745004177094,"y":0.6969926357269287,"z":-0.33901655673980715},"rotation":{"x":0.023480599746108056,"y":0.9759365916252136,"z":-0.13524173200130464,"w":0.16944746673107148},"size":0.16093523800373078,"orthographic":false}