{"cameraMode":{"drawMode":0,"name":"Shaded","section":"Shading Mode"},"sceneLighting":false,"audioPlay":false,"sceneViewState":{"m_AlwaysRefresh":false,"showFog":true,"showSkybox":false,"showFlares":true,"showImageEffects":true,"showParticleSystems":true,"showVisualEffectGraphs":true,"m_FxEnabled":true},"in2DMode":false,"pivot":{"x":0.015477560460567475,"y":0.015175729990005494,"z":0.5105355381965637},"rotation":{"x":-0.2852206826210022,"y":0.05947043001651764,"z":-0.017734605818986894,"w":-0.9564566016197205},"size":13.748282432556153,"orthographic":false}