{"cameraMode":{"drawMode":0,"name":"Shaded","section":"Shading Mode"},"sceneLighting":false,"audioPlay":false,"sceneViewState":{"m_AlwaysRefresh":false,"showFog":true,"showSkybox":false,"showFlares":true,"showImageEffects":true,"showParticleSystems":true,"showVisualEffectGraphs":true,"m_FxEnabled":true},"in2DMode":false,"pivot":{"x":24.119842529296876,"y":30.284828186035158,"z":0.1732458621263504},"rotation":{"x":0.1800820529460907,"y":-0.7322847843170166,"z":0.21215559542179109,"w":0.6215599179267883},"size":0.3160872757434845,"orthographic":false}