{"cameraMode":{"drawMode":0,"name":"Shaded","section":"Shading Mode"},"sceneLighting":false,"audioPlay":false,"sceneViewState":{"m_AlwaysRefresh":false,"showFog":true,"showSkybox":false,"showFlares":true,"showImageEffects":true,"showParticleSystems":true,"showVisualEffectGraphs":true,"m_FxEnabled":true},"in2DMode":false,"pivot":{"x":2.384185791015625e-7,"y":1.2812979221343995,"z":0.8486952781677246},"rotation":{"x":-0.2852206826210022,"y":0.05947043001651764,"z":-0.017734605818986894,"w":-0.9564566016197205},"size":2.8567771911621095,"orthographic":false}