{"cameraMode":{"drawMode":0,"name":"Shaded","section":"Shading Mode"},"sceneLighting":false,"audioPlay":false,"sceneViewState":{"m_AlwaysRefresh":false,"showFog":true,"showSkybox":false,"showFlares":true,"showImageEffects":true,"showParticleSystems":true,"showVisualEffectGraphs":true,"m_FxEnabled":true},"in2DMode":false,"pivot":{"x":-1.4200000762939454,"y":0.9644820690155029,"z":3.740000009536743},"rotation":{"x":-0.2852206826210022,"y":0.05947043001651764,"z":-0.017734605818986894,"w":-0.9564566016197205},"size":1.7527998685836793,"orthographic":false}